City_ID,City,Country,Date,Lat,Lng,Max Temp,Humidity,Cloudiness,Wind Speed
0,Mataura,NZ,2021-01-29 01:07:00,-46.1927,168.8643,48.0,80,100,8.01
1,Ushuaia,AR,2021-01-29 01:07:32,-54.8,-68.3,42.8,81,75,28.77
2,Hilo,US,2021-01-29 01:05:51,19.7297,-155.09,73.63,61,69,7.63
3,Kurilsk,RU,2021-01-29 01:07:33,45.2333,147.8833,24.53,89,100,9.95
4,Te Anau,NZ,2021-01-29 01:07:31,-45.4167,167.7167,51.85,63,81,2.48
5,Pevek,RU,2021-01-29 01:07:33,69.7008,170.3133,-21.06,87,100,0.85
6,Bluff,NZ,2021-01-29 01:06:12,-46.6,168.3333,51.87,68,100,13.13
7,Sao Filipe,CV,2021-01-29 01:07:17,14.8961,-24.4956,73.24,67,0,5.59
8,Tiksi,RU,2021-01-29 01:07:34,71.6872,128.8694,-26.68,86,91,8.43
9,Muli,MV,2021-01-29 01:07:34,2.9167,73.5667,80.47,79,12,14.32
10,Kruisfontein,ZA,2021-01-29 01:07:34,-34.0033,24.7314,58.48,87,0,4.29
11,Mozarlandia,BR,2021-01-29 01:07:35,-14.7447,-50.5706,75.31,76,100,4.25
12,Buchanan,LR,2021-01-29 01:07:35,5.8808,-10.0467,78.21,86,0,6.08
13,Bredasdorp,ZA,2021-01-29 01:07:35,-34.5322,20.0403,55.4,82,1,5.75
14,Butaritari,KI,2021-01-29 01:07:35,3.0707,172.7902,80.78,78,88,15.48
15,Tasiilaq,GL,2021-01-29 01:07:35,65.6145,-37.6368,24.8,93,90,19.57
16,Tuktoyaktuk,CA,2021-01-29 01:06:01,69.4541,-133.0374,-31.0,75,20,5.75
17,Gannan,CN,2021-01-29 01:05:12,47.9147,123.5031,-12.19,78,24,3.38
18,Codrington,AU,2021-01-29 01:07:36,-38.2667,141.9667,75.54,73,95,11.1
19,Busselton,AU,2021-01-29 01:05:58,-33.65,115.3333,71.78,53,0,12.57
20,New Norfolk,AU,2021-01-29 01:07:37,-42.7826,147.0587,64.11,52,100,10.38
21,Adolfo Lopez Mateos,MX,2021-01-29 01:07:37,28.4667,-107.3,52.45,41,50,11.23
22,Chuy,UY,2021-01-29 01:07:37,-33.6971,-53.4616,69.19,75,0,11.18
23,Nikolskoye,RU,2021-01-29 01:06:14,59.7035,30.7861,25.56,98,100,5.1
24,Bilma,NE,2021-01-29 01:07:38,18.6853,12.9164,62.33,30,1,15.35
25,Atuona,PF,2021-01-29 01:07:38,-9.8,-139.0333,78.94,74,14,18.59
26,Yellowknife,CA,2021-01-29 01:07:38,62.456,-114.3525,-16.06,89,100,4.05
27,Man,CI,2021-01-29 01:07:38,7.4125,-7.5538,72.21,75,0,1.97
28,Vaini,TO,2021-01-29 01:07:39,-21.2,-175.2,82.4,83,75,25.32
29,Joura,IN,2021-01-29 01:07:39,26.3411,77.8115,44.08,61,0,1.61
30,Hermanus,ZA,2021-01-29 01:07:39,-34.4187,19.2345,62.01,76,4,6.02
31,Ribeira Grande,PT,2021-01-29 01:06:41,38.5167,-28.7,60.62,87,100,35.37
32,Rikitea,PF,2021-01-29 01:07:40,-23.1203,-134.9692,79.93,67,23,4.9
33,Bethel,US,2021-01-29 01:03:57,41.3712,-73.414,19.4,45,1,9.22
34,Ilulissat,GL,2021-01-29 01:07:20,69.2167,-51.1,8.6,47,0,10.36
35,Port Lincoln,AU,2021-01-29 01:07:40,-34.7333,135.8667,69.53,67,48,9.8
36,Jamestown,US,2021-01-29 01:07:07,42.097,-79.2353,19.0,86,90,18.41
37,Broome,US,2021-01-29 01:07:41,42.2506,-75.833,15.01,73,90,10.36
38,Port Alfred,ZA,2021-01-29 01:07:06,-33.5906,26.891,65.88,82,0,3.31
39,Kalianget,ID,2021-01-29 01:07:41,-7.05,113.9333,80.1,82,100,20.65
40,Zaysan,KZ,2021-01-29 01:07:42,47.4667,84.8667,0.34,91,87,0.87
41,Avarua,CK,2021-01-29 01:07:10,-21.2078,-159.775,87.8,66,47,13.8
42,Prince Rupert,CA,2021-01-29 01:07:42,54.3161,-130.3201,29.41,85,87,4.47
43,Axim,GH,2021-01-29 01:03:11,4.8699,-2.2405,77.9,91,1,5.64
44,Kaitangata,NZ,2021-01-29 01:07:24,-46.2817,169.8464,52.0,85,100,11.99
45,Kodiak,US,2021-01-29 01:07:09,57.79,-152.4072,33.8,80,90,21.85
46,Kapaa,US,2021-01-29 01:07:25,22.0752,-159.319,75.2,73,90,20.71
47,Moissala,TD,2021-01-29 01:07:44,8.3404,17.7663,73.22,23,100,3.67
48,Coquimbo,CL,2021-01-29 01:07:39,-29.9533,-71.3436,60.8,88,0,2.3
49,Hithadhoo,MV,2021-01-29 01:03:42,-0.6,73.0833,81.75,72,5,9.53
50,Panjab,AF,2021-01-29 01:07:44,34.388,67.0233,2.25,67,0,2.46
51,Tsukumi,JP,2021-01-29 01:07:45,33.0706,131.8572,37.4,44,40,12.66
52,Victoria,HK,2021-01-29 01:06:47,22.2855,114.1577,61.0,55,12,1.99
53,Punta Arenas,CL,2021-01-29 01:03:13,-53.15,-70.9167,42.8,61,90,10.36
54,Maarianhamina,AX,2021-01-29 01:07:46,60.0973,19.9348,26.11,95,100,13.42
55,Mar Del Plata,AR,2021-01-29 01:06:35,-38.0023,-57.5575,72.0,88,75,9.22
56,Vardo,NO,2021-01-29 01:03:10,70.3705,31.1107,23.67,91,100,25.34
57,Avera,US,2021-01-29 01:07:27,33.194,-82.5271,42.8,52,1,3.44
58,Mastung,PK,2021-01-29 01:07:46,29.7994,66.845,34.56,61,16,2.15
59,Puerto Ayora,EC,2021-01-29 01:07:47,-0.7393,-90.3518,77.85,83,75,3.15
60,Weifang,CN,2021-01-29 01:07:47,36.71,119.1019,31.51,64,0,9.53
61,Tonantins,BR,2021-01-29 01:07:47,-2.8731,-67.8022,75.56,93,100,0.87
62,Coahuayana,MX,2021-01-29 01:07:48,18.7333,-103.6833,78.8,61,40,2.64
63,Longyearbyen,SJ,2021-01-29 01:07:06,78.2186,15.6401,-2.2,46,20,18.41
64,Upernavik,GL,2021-01-29 01:07:48,72.7868,-56.1549,-12.89,85,0,11.5
65,Albany,US,2021-01-29 01:03:18,42.6001,-73.9662,17.01,64,40,1.99
66,Hualmay,PE,2021-01-29 01:07:18,-11.0964,-77.6139,70.68,81,100,7.2
67,Omboue,GA,2021-01-29 01:07:49,-1.5746,9.2618,76.93,87,100,4.79
68,Torbay,CA,2021-01-29 01:07:43,47.6666,-52.7314,23.0,86,90,6.91
69,Airai,TL,2021-01-29 01:07:50,-8.9266,125.4092,65.59,100,100,6.71
70,Bom Jesus Da Lapa,BR,2021-01-29 01:07:50,-13.255,-43.4181,74.71,48,0,2.89
71,Tessalit,ML,2021-01-29 01:07:50,20.1986,1.0114,64.71,28,0,13.85
72,Sur,OM,2021-01-29 01:07:34,22.5667,59.5289,60.73,57,0,1.16
73,Hambantota,LK,2021-01-29 01:07:11,6.1241,81.1185,73.4,100,90,2.3
74,Moyale,KE,2021-01-29 01:07:51,3.5167,39.0584,71.82,35,97,11.97
75,Kasongo-Lunda,CD,2021-01-29 01:07:51,-6.4667,16.8167,70.29,90,95,1.1
76,Castro,BR,2021-01-29 01:07:51,-24.7911,-50.0119,65.98,95,100,4.09
77,Provideniya,RU,2021-01-29 01:06:28,64.3833,-173.3,10.4,72,0,17.9
78,Yar-Sale,RU,2021-01-29 01:07:52,66.8333,70.8333,-27.71,85,100,9.53
79,Rio Grande,BR,2021-01-29 01:07:52,-32.035,-52.0986,73.99,76,100,15.19
80,Lake Havasu City,US,2021-01-29 01:07:53,34.4839,-114.3224,62.01,33,1,3.44
81,Qaanaaq,GL,2021-01-29 01:07:53,77.484,-69.3632,-11.92,65,0,7.63
82,Yeppoon,AU,2021-01-29 01:07:53,-23.1333,150.7333,84.2,51,40,12.66
83,Arkhara,RU,2021-01-29 01:07:53,49.4212,130.0842,-26.23,85,86,2.89
84,Cape Town,ZA,2021-01-29 01:04:38,-33.9258,18.4232,63.84,73,2,6.24
85,Pelotas,BR,2021-01-29 01:07:54,-31.7719,-52.3425,70.68,86,100,7.54
86,Hailar,CN,2021-01-29 01:07:54,49.2,119.7,-21.39,83,100,10.18
87,Yulara,AU,2021-01-29 01:07:54,-25.2406,130.9889,86.0,39,100,16.11
88,Kathu,TH,2021-01-29 01:07:55,7.9178,98.3332,79.02,81,100,16.28
89,Tura,IN,2021-01-29 01:07:55,25.5198,90.2201,55.38,64,0,2.93
90,Esperance,AU,2021-01-29 01:07:15,-33.8667,121.9,66.2,63,40,6.91
91,Dikson,RU,2021-01-29 01:05:57,73.5069,80.5464,-32.42,80,46,2.62
92,Berlevag,NO,2021-01-29 01:07:56,70.8578,29.0864,22.87,92,100,23.17
93,Hobart,AU,2021-01-29 01:07:56,-42.8794,147.3294,64.02,55,100,14.16
94,Nicoya,CR,2021-01-29 01:07:56,10.1483,-85.452,80.6,57,0,25.32
95,Saint-Pierre,RE,2021-01-29 01:07:56,-21.3393,55.4781,77.0,69,0,5.75
96,Khandyga,RU,2021-01-29 01:07:57,62.6667,135.6,-51.7,76,73,1.3
97,Sayyan,YE,2021-01-29 01:07:57,15.1718,44.3244,43.12,59,5,1.01
98,Arraial Do Cabo,BR,2021-01-29 01:07:14,-22.9661,-42.0278,77.5,83,9,24.25
99,Nanortalik,GL,2021-01-29 01:07:06,60.1432,-45.2371,31.19,91,100,7.83
100,North Bend,US,2021-01-29 01:05:03,43.4065,-124.2243,46.99,81,20,5.75
101,Luba,GQ,2021-01-29 01:07:58,3.4568,8.5547,80.6,83,20,6.91
102,Merauke,ID,2021-01-29 01:07:58,-8.4667,140.3333,84.06,73,100,17.43
103,Okitipupa,NG,2021-01-29 01:07:58,6.5047,4.7839,75.47,93,0,1.43
104,Miandrivazo,MG,2021-01-29 01:07:59,-19.5167,45.4667,78.28,85,9,1.52
105,Nabire,ID,2021-01-29 01:07:59,-3.3667,135.4833,82.8,73,100,2.42
106,Sao Borja,BR,2021-01-29 01:07:59,-28.6606,-56.0044,73.92,91,0,5.55
107,Kavieng,PG,2021-01-29 01:07:26,-2.5744,150.7967,84.97,71,100,10.29
108,Yangjiang,CN,2021-01-29 01:08:00,21.85,111.9667,59.41,44,0,11.77
109,Lasa,IT,2021-01-29 01:08:00,46.6166,10.7002,32.0,93,40,4.61
110,Clyde River,CA,2021-01-29 01:03:59,70.4692,-68.5914,-20.2,76,1,2.3
111,Port Elizabeth,ZA,2021-01-29 01:07:26,-33.918,25.5701,57.2,94,0,3.44
112,Ancud,CL,2021-01-29 01:07:43,-41.8697,-73.8203,53.98,83,0,5.84
113,Santiago,CL,2021-01-29 01:08:02,-33.4569,-70.6483,70.2,41,100,3.87
114,Ust-Omchug,RU,2021-01-29 01:08:02,61.15,149.6333,-19.82,82,100,5.99
115,Saskylakh,RU,2021-01-29 01:08:02,71.9167,114.0833,-41.84,78,33,3.94
116,Indian Head,US,2021-01-29 01:08:02,38.6001,-77.1622,25.97,83,0,12.17
117,Buin,CL,2021-01-29 01:08:03,-33.7333,-70.75,64.09,52,100,2.06
118,Springbok,ZA,2021-01-29 01:08:03,-29.6643,17.8865,63.66,35,0,2.98
119,Tuatapere,NZ,2021-01-29 01:07:44,-46.1333,167.6833,48.0,80,96,8.01
120,Aykhal,RU,2021-01-29 01:08:03,66.0,111.5,-36.44,80,68,4.97
121,Warrnambool,AU,2021-01-29 01:08:04,-38.3833,142.4833,67.5,93,100,5.7
122,Maxixe,MZ,2021-01-29 01:08:04,-23.8597,35.3472,77.5,87,9,3.42
123,Barkhan,PK,2021-01-29 01:08:04,29.8977,69.5256,40.33,49,0,2.39
124,Kahului,US,2021-01-29 01:06:35,20.8947,-156.47,80.6,54,40,26.46
125,Faanui,PF,2021-01-29 01:08:05,-16.4833,-151.75,81.36,67,100,5.23
126,Mount Gambier,AU,2021-01-29 01:07:30,-37.8333,140.7667,73.4,68,75,10.36
127,Tiznit,MA,2021-01-29 01:08:06,29.5833,-9.5,62.44,41,0,2.3
128,Salalah,OM,2021-01-29 01:08:06,17.0151,54.0924,68.0,73,20,4.61
129,Vila Franca Do Campo,PT,2021-01-29 01:08:06,37.7167,-25.4333,63.3,89,100,29.42
130,Abu Samrah,SY,2021-01-29 01:06:37,35.3029,37.1841,44.96,83,96,8.63
131,Copiapo,CL,2021-01-29 01:08:07,-27.3667,-70.3333,60.8,82,90,9.22
132,Aden,YE,2021-01-29 01:08:07,12.7794,45.0367,74.61,73,0,14.9
133,Namibe,AO,2021-01-29 01:06:11,-15.1961,12.1522,72.86,75,100,4.63
134,East London,ZA,2021-01-29 01:08:07,-33.0153,27.9116,66.9,78,0,7.36
135,Fengcheng,CN,2021-01-29 01:06:08,40.4536,124.0717,1.31,81,0,3.15
136,Buraydah,SA,2021-01-29 01:03:50,26.326,43.975,62.6,72,40,3.44
137,Riverton,US,2021-01-29 01:08:08,40.5219,-111.9391,51.8,49,1,11.5
138,Marawi,PH,2021-01-29 01:08:09,7.9986,124.2928,72.34,83,80,4.36
139,Kamaishi,JP,2021-01-29 01:08:09,39.2667,141.8833,34.74,81,93,23.11
140,Panaba,MX,2021-01-29 01:08:09,21.2833,-88.2667,71.47,89,49,12.77
141,Havre-Saint-Pierre,CA,2021-01-29 01:07:27,50.2334,-63.5986,10.4,67,1,8.05
142,Yairipok,IN,2021-01-29 01:08:10,24.6667,94.0667,41.0,100,75,0.96
143,Cap Malheureux,MU,2021-01-29 01:08:10,-19.9842,57.6142,75.99,83,77,4.0
144,Luderitz,NA,2021-01-29 01:07:15,-26.6481,15.1594,68.32,52,0,24.49
145,Puerto Madryn,AR,2021-01-29 01:08:10,-42.7692,-65.0385,63.79,54,0,16.55
146,Charo,MX,2021-01-29 01:08:11,19.75,-101.05,68.0,42,40,9.22
147,Khakhea,BW,2021-01-29 01:08:11,-24.6895,23.494,76.05,61,100,5.03
148,Oussouye,SN,2021-01-29 01:08:11,12.485,-16.5469,68.0,94,0,2.3
149,Matara,LK,2021-01-29 01:08:11,5.9485,80.5353,75.92,87,11,2.71
150,Tigre,AR,2021-01-29 01:08:12,-34.426,-58.5796,77.0,78,0,8.75
151,Virginia,US,2021-01-29 01:08:12,37.5481,-77.4467,32.0,43,1,11.5
152,Tahoua,NE,2021-01-29 01:08:12,14.8888,5.2692,71.6,14,0,6.91
153,Chokurdakh,RU,2021-01-29 01:08:12,70.6333,147.9167,-19.19,88,100,6.44
154,Inhambane,MZ,2021-01-29 01:08:13,-23.865,35.3833,78.48,84,12,3.69
155,Carnarvon,AU,2021-01-29 01:08:13,-24.8667,113.6333,80.6,54,0,16.11
156,Tazovskiy,RU,2021-01-29 01:08:13,67.4667,78.7,-38.24,80,100,10.6
157,Lata,PT,2021-01-29 01:08:14,40.1629,-8.3327,54.77,95,84,1.28
158,Saint-Philippe,RE,2021-01-29 01:06:18,-21.3585,55.7679,77.0,69,0,5.75
159,Gornopravdinsk,RU,2021-01-29 01:08:14,60.05,69.9,11.91,96,100,3.02
160,Hamilton,US,2021-01-29 01:08:14,39.1834,-84.5333,26.29,87,0,4.74
161,Sison,PH,2021-01-29 01:08:15,16.1739,120.5153,75.58,66,0,5.35
162,Norman Wells,CA,2021-01-29 01:07:03,65.282,-126.8329,-23.75,81,67,3.83
163,Adrar,MR,2021-01-29 01:08:16,20.5022,-10.0711,64.18,29,0,9.44
164,Khartoum,SD,2021-01-29 01:08:16,15.5518,32.5324,70.0,10,0,13.8
165,Jedrzejow,PL,2021-01-29 01:08:16,50.6394,20.3045,34.0,85,100,5.99
166,Khasan,RU,2021-01-29 01:08:16,42.4308,130.6434,5.05,84,0,28.19
167,Hervey Bay,AU,2021-01-29 01:08:17,-25.2986,152.8535,84.0,61,6,7.0
168,Arman,RU,2021-01-29 01:08:17,59.7,150.1667,-12.48,78,71,10.18
169,Obihiro,JP,2021-01-29 01:08:17,42.9172,143.2044,21.2,93,75,3.44
170,Gopalpur,IN,2021-01-29 01:08:17,19.2667,84.9167,67.69,83,0,4.63
171,Fort Nelson,CA,2021-01-29 01:03:18,58.8053,-122.7002,-7.6,71,20,3.44
172,Ust-Tsilma,RU,2021-01-29 01:08:18,65.441,52.1498,-26.3,84,39,3.18
173,Marostica,IT,2021-01-29 01:08:18,45.7468,11.6579,30.99,74,20,1.34
174,Lebu,CL,2021-01-29 01:07:10,-37.6167,-73.65,58.75,97,100,12.84
175,Halifax,CA,2021-01-29 01:03:31,44.6453,-63.5724,28.4,80,40,9.22
176,Dokri,PK,2021-01-29 01:08:10,27.3743,68.0967,50.54,37,0,0.98
177,Yumen,CN,2021-01-29 01:06:36,40.2833,97.2,19.72,76,0,14.76
178,Oksfjord,NO,2021-01-29 01:08:19,70.2396,22.3479,17.6,73,100,11.5
179,Christchurch,NZ,2021-01-29 01:04:07,-43.5333,172.6333,60.01,44,75,21.85
180,Fortuna,US,2021-01-29 01:07:01,40.5982,-124.1573,45.99,87,45,3.56
181,Mount Isa,AU,2021-01-29 01:08:20,-20.7333,139.5,92.75,39,79,14.9
182,Margate,GB,2021-01-29 01:08:20,51.3813,1.3862,49.26,96,100,15.7
183,Kano,NG,2021-01-29 01:08:21,12.0001,8.5167,59.0,47,0,3.44
184,Mogadishu,SO,2021-01-29 01:08:21,2.0371,45.3438,75.87,80,0,18.72
185,Gat,IL,2021-01-29 01:05:55,31.61,34.7642,52.0,100,100,1.99
186,Saiha,IN,2021-01-29 01:08:22,22.4833,92.9667,53.89,52,0,3.71
187,Sobolevo,RU,2021-01-29 01:08:22,54.4299,31.8996,25.7,99,100,3.53
188,Kijang,KR,2021-01-29 01:08:22,35.2442,129.2139,25.45,79,0,18.03
189,Lingao,CN,2021-01-29 01:08:22,19.9103,109.6859,64.8,68,8,15.7
190,Bambanglipuro,ID,2021-01-29 01:08:23,-7.95,110.2833,79.93,78,100,2.84
191,Westport,US,2021-01-29 01:08:23,41.1415,-73.3579,21.13,81,0,19.33
192,Ukiah,US,2021-01-29 01:08:23,39.1502,-123.2078,48.2,76,90,3.44
193,Bratsk,RU,2021-01-29 01:08:23,56.1325,101.6142,-38.54,80,10,2.01
194,Santa Rosa,PH,2021-01-29 01:07:51,14.3122,121.1114,82.0,61,20,3.44
195,Mandalgovi,MN,2021-01-29 01:05:31,45.7625,106.2708,12.88,84,0,19.91
196,Santa Lucia,ES,2021-01-29 01:08:24,27.9117,-15.5407,66.99,82,0,8.05
197,Kirakira,SB,2021-01-29 01:08:25,-10.4544,161.9205,81.73,83,100,17.05
198,Winnemucca,US,2021-01-29 01:04:58,40.973,-117.7357,37.4,70,20,6.91
199,Nara,JP,2021-01-29 01:08:25,34.6851,135.8049,39.0,48,20,16.11
200,Luanda,AO,2021-01-29 01:07:53,-8.8368,13.2343,78.8,83,20,9.22
201,Somerset,US,2021-01-29 01:08:26,40.5668,-74.5496,24.8,36,1,17.27
202,Medicine Hat,CA,2021-01-29 01:03:48,50.0501,-110.6683,12.99,92,90,9.22
203,Villa Carlos Paz,AR,2021-01-29 01:08:26,-31.4241,-64.4978,80.01,77,0,4.76
204,Ellensburg,US,2021-01-29 01:05:20,46.9965,-120.5479,35.19,91,100,1.01
205,Bandarbeyla,SO,2021-01-29 01:08:27,9.4942,50.8122,71.96,81,12,14.47
206,Bambous Virieux,MU,2021-01-29 01:08:27,-20.3428,57.7575,75.99,88,40,9.24
207,Mahajanga,MG,2021-01-29 01:08:27,-15.7167,46.3167,73.4,94,75,3.44
208,Acapulco,MX,2021-01-29 01:08:27,16.8634,-99.8901,82.4,65,75,6.91
209,Kachiry,KZ,2021-01-29 01:08:28,53.0675,76.1036,23.36,94,100,17.09
210,El Reno,US,2021-01-29 01:08:28,35.5323,-97.955,41.0,70,1,12.66
211,Cayenne,GF,2021-01-29 01:07:29,4.9333,-52.3333,75.2,100,75,5.75
212,Nioro,GM,2021-01-29 01:07:27,13.35,-15.75,69.87,18,0,1.72
213,Caconda,AO,2021-01-29 01:08:28,-13.7333,15.0667,57.96,84,100,4.56
214,Flin Flon,CA,2021-01-29 01:08:29,54.7682,-101.865,5.0,85,90,8.05
215,Cidreira,BR,2021-01-29 01:07:10,-30.1811,-50.2056,72.41,94,100,14.76
216,Talnakh,RU,2021-01-29 01:06:04,69.4865,88.3972,-32.98,72,3,3.44
217,Bien Hoa,VN,2021-01-29 01:06:24,10.95,106.8167,73.4,68,20,5.75
218,Fuyu,CN,2021-01-29 01:08:30,45.1833,124.8167,-14.93,83,0,4.85
219,Shimoda,JP,2021-01-29 01:08:30,34.6667,138.95,44.6,65,20,18.41
220,Inirida,CO,2021-01-29 01:08:30,3.8653,-67.9239,76.24,85,65,2.19
221,La Ronge,CA,2021-01-29 01:07:33,55.1001,-105.2842,6.8,85,100,6.91
222,Goderich,CA,2021-01-29 01:08:31,43.7501,-81.7165,22.95,92,100,23.0
223,Saint-Leu,RE,2021-01-29 01:07:06,-21.15,55.2833,75.99,62,15,5.3
224,Lerwick,GB,2021-01-29 01:08:31,60.1545,-1.1494,30.2,74,34,6.91
225,Rawson,AR,2021-01-29 01:08:01,-43.3002,-65.1023,61.41,58,0,13.51
226,Kamenka,RU,2021-01-29 01:08:32,51.3223,42.7678,29.39,99,100,9.64
227,Barrow,US,2021-01-29 01:04:11,71.2906,-156.7887,-14.8,76,1,10.36
228,Yaan,NG,2021-01-29 01:08:32,7.3833,8.5667,76.66,17,12,4.54
229,Srednekolymsk,RU,2021-01-29 01:07:22,67.45,153.6833,-17.9,87,100,8.5
230,San Carlos De Bariloche,AR,2021-01-29 01:07:32,-41.1456,-71.3082,53.6,66,40,17.27
231,Constitucion,CL,2021-01-29 01:07:33,-35.3333,-72.4167,59.56,86,99,6.67
232,Pimenta Bueno,BR,2021-01-29 01:08:33,-11.6725,-61.1936,73.62,93,38,1.74
233,Lagoa,PT,2021-01-29 01:06:19,39.05,-27.9833,62.35,91,100,37.45
234,Camopi,GF,2021-01-29 01:08:34,3.1655,-52.3158,72.01,98,95,2.39
235,Georgetown,MY,2021-01-29 01:07:27,5.4112,100.3354,75.42,80,100,7.54
236,Nizwa,OM,2021-01-29 01:08:34,22.9333,57.5333,51.82,63,0,1.25
237,Sonoita,MX,2021-01-29 01:08:35,31.85,-112.8333,66.0,29,23,7.31
238,Khatanga,RU,2021-01-29 01:08:35,71.9667,102.5,-43.42,73,0,2.28
239,Lazaro Cardenas,MX,2021-01-29 01:08:35,17.9583,-102.2,77.86,69,70,6.24
240,Fairbanks,US,2021-01-29 01:07:52,64.8378,-147.7164,3.0,77,75,1.79
241,Itanhem,BR,2021-01-29 01:08:36,-17.1664,-40.33,70.18,91,8,7.29
242,Kargasok,RU,2021-01-29 01:08:36,59.0556,80.8572,5.76,95,97,4.59
243,Vestmanna,FO,2021-01-29 01:08:37,62.1564,-7.1664,32.0,64,20,12.66
244,Kholmsk,RU,2021-01-29 01:08:37,47.0511,142.0569,8.6,78,40,13.42
245,Ilhabela,BR,2021-01-29 01:08:37,-23.7781,-45.3581,79.11,77,99,3.56
246,Tual,ID,2021-01-29 01:07:48,-5.6667,132.75,83.43,77,100,18.52
247,Lianran,CN,2021-01-29 01:08:37,24.9227,102.485,50.0,93,90,11.18
248,Ferrol,ES,2021-01-29 01:08:38,43.4832,-8.2369,59.0,88,40,8.05
249,Beringovskiy,RU,2021-01-29 01:08:38,63.05,179.3167,-0.98,91,100,21.5
250,Zopilotepe,HN,2021-01-29 01:08:38,14.6,-86.2667,75.2,73,40,2.3
251,Corum,TR,2021-01-29 01:08:39,40.5,34.75,28.2,91,100,1.72
252,Saint George,US,2021-01-29 01:08:39,37.1041,-113.5841,45.27,57,91,6.15
253,Bulungu,CD,2021-01-29 01:08:39,-4.55,18.6,70.97,93,100,1.12
254,Meulaboh,ID,2021-01-29 01:08:39,4.1363,96.1285,76.12,85,100,5.1
255,Marienburg,PL,2021-01-29 01:08:40,54.0359,19.0266,30.99,100,50,12.84
256,Sorland,NO,2021-01-29 01:08:40,67.667,12.6934,28.74,91,0,12.44
257,Malpe,IN,2021-01-29 01:08:40,13.35,74.7167,70.95,62,100,7.38
258,Raga,SS,2021-01-29 01:08:40,8.4596,25.678,68.63,24,1,4.5
259,Chupa,RU,2021-01-29 01:08:41,66.27,33.0549,13.8,96,100,10.25
260,Najran,SA,2021-01-29 01:07:16,17.4924,44.1277,55.4,33,0,5.88
261,Khorramshahr,IR,2021-01-29 01:08:42,30.4397,48.1664,64.4,82,80,9.22
262,Thompson,CA,2021-01-29 01:07:04,55.7435,-97.8558,-3.42,91,100,6.96
263,Pasil,PH,2021-01-29 01:08:42,17.3833,121.1333,61.29,84,79,4.05
264,Katsuura,JP,2021-01-29 01:08:43,35.1333,140.3,48.99,49,20,14.97
265,Namatanai,PG,2021-01-29 01:07:12,-3.6667,152.4333,85.82,67,100,8.41
266,Ponta Do Sol,PT,2021-01-29 01:07:02,32.6667,-17.1,57.99,75,49,1.99
267,Kumphawapi,TH,2021-01-29 01:08:43,17.1087,103.0149,66.34,65,0,8.68
268,Sinnamary,GF,2021-01-29 01:08:44,5.3833,-52.95,76.68,84,100,9.06
269,Souillac,MU,2021-01-29 01:06:29,-20.5167,57.5167,75.2,88,40,8.12
270,Lang Son,VN,2021-01-29 01:08:44,21.8333,106.7333,57.4,59,81,3.96
271,Imeni Poliny Osipenko,RU,2021-01-29 01:08:44,52.4201,136.4853,-14.28,88,62,1.88
272,Skjervoy,NO,2021-01-29 01:08:45,70.0311,20.9714,18.23,90,100,22.35
273,Kaili,ID,2021-01-29 01:08:45,-3.4626,120.2147,73.53,89,100,1.54
274,Jasper,US,2021-01-29 01:03:45,37.2001,-94.3502,39.2,60,1,7.78
275,San Patricio,US,2021-01-29 01:07:49,28.017,-97.5169,59.0,71,75,8.05
276,Port Moresby,PG,2021-01-29 01:08:46,-9.4431,147.1797,82.4,78,75,19.57
277,Chara,RU,2021-01-29 01:08:46,56.9064,118.2631,-32.8,77,100,0.89
278,Sarab,IR,2021-01-29 01:08:46,38.6066,44.9883,35.64,85,100,3.38
279,Muros,ES,2021-01-29 01:08:46,42.7762,-9.0603,59.0,92,100,13.0
280,Cabo San Lucas,MX,2021-01-29 01:06:33,22.8909,-109.9124,71.6,60,1,4.61
281,Port Hardy,CA,2021-01-29 01:08:47,50.6996,-127.4199,41.0,70,20,2.3
282,Waingapu,ID,2021-01-29 01:08:47,-9.6567,120.2641,83.59,74,98,16.2
283,Sao Joao Da Barra,BR,2021-01-29 01:05:09,-21.6403,-41.0511,78.04,81,20,21.39
284,Yatou,CN,2021-01-29 01:08:48,37.15,122.3833,25.32,76,0,6.85
285,Totness,SR,2021-01-29 01:08:48,5.8833,-56.3167,76.05,81,65,10.45
286,Qeshm,IR,2021-01-29 01:05:02,26.9581,56.2719,55.4,58,0,6.91
287,Burgeo,CA,2021-01-29 01:08:49,47.6167,-57.6152,20.68,90,1,6.04
288,Nome,US,2021-01-29 01:06:25,64.5011,-165.4064,12.2,67,90,6.91
289,Zorritos,PE,2021-01-29 01:08:49,-3.6805,-80.6782,78.89,76,54,6.49
290,Buncrana,IE,2021-01-29 01:08:50,55.1333,-7.45,42.39,92,5,6.91
291,Manali,IN,2021-01-29 01:08:50,13.1667,80.2667,74.44,75,100,8.5
292,Dong Hoi,VN,2021-01-29 01:08:50,17.4833,106.6,67.23,86,100,12.55
293,Oriximina,BR,2021-01-29 01:08:50,-1.7656,-55.8661,76.62,85,53,2.53
294,Zhangjiakou,CN,2021-01-29 01:08:51,40.81,114.8794,16.84,75,0,1.66
295,Emerald,AU,2021-01-29 01:08:51,-23.5333,148.1667,84.99,57,90,10.36
296,Sept-Iles,CA,2021-01-29 01:08:51,50.2001,-66.3821,12.2,67,85,9.22
297,Dali,CN,2021-01-29 01:08:51,25.7,100.1833,42.46,64,0,2.68
298,Portland,US,2021-01-29 01:04:46,45.5234,-122.6762,44.8,80,100,1.1
299,Chapais,CA,2021-01-29 01:08:52,49.7834,-74.8492,-6.97,90,100,8.84
300,Outram,MY,2021-01-29 01:08:52,1.2829,103.8379,80.01,88,75,8.05
301,Seymchan,RU,2021-01-29 01:08:52,62.8833,152.4333,-22.67,83,100,4.29
302,Huarmey,PE,2021-01-29 01:08:53,-10.0681,-78.1522,71.01,81,48,6.04
303,Ostrovnoy,RU,2021-01-29 01:08:22,68.0531,39.5131,2.46,89,100,17.69
304,Skreia,NO,2021-01-29 01:08:53,60.65,10.9333,9.0,85,90,1.14
305,Pangai,TO,2021-01-29 01:08:54,-19.8,-174.35,79.93,84,100,35.52
306,Deputatskiy,RU,2021-01-29 01:06:25,69.3,139.9,-36.62,80,100,2.68
307,Labytnangi,RU,2021-01-29 01:08:54,66.6572,66.4183,-33.81,80,5,6.76
308,Saint-Augustin,CA,2021-01-29 01:08:54,51.226,-58.6502,11.71,93,0,7.4
309,Lima,PE,2021-01-29 01:08:55,-12.0432,-77.0282,72.03,72,71,6.11
310,Cockburn Town,TC,2021-01-29 01:08:55,21.4612,-71.1419,76.71,73,2,15.28
311,Hasaki,JP,2021-01-29 01:07:17,35.7333,140.8333,45.63,54,20,22.59
312,Okha,RU,2021-01-29 01:08:55,53.5739,142.9478,0.23,92,100,7.96
313,Nesbyen,NO,2021-01-29 01:08:56,60.5681,9.1027,1.99,88,0,2.62
314,Ariquemes,BR,2021-01-29 01:08:51,-9.9133,-63.0408,75.47,93,100,0.67
315,Ardea,IT,2021-01-29 01:08:56,41.6123,12.5143,48.47,66,29,6.71
316,Tromso,NO,2021-01-29 01:08:56,69.6496,18.957,21.2,58,75,4.61
317,Qaqortoq,GL,2021-01-29 01:08:48,60.7167,-46.0333,44.6,31,75,39.12
318,Kawalu,ID,2021-01-29 01:08:57,-7.3817,108.2082,73.24,86,100,3.2
319,Labuhan,ID,2021-01-29 01:08:57,-6.8844,112.2051,79.56,85,100,16.22
320,Sukhobezvodnoye,RU,2021-01-29 01:08:58,57.0491,44.8891,15.69,97,100,7.45
321,Russell,US,2021-01-29 01:08:58,32.3502,-85.1999,44.6,65,1,9.22
322,Iranshahr,IR,2021-01-29 01:08:58,27.2025,60.6848,44.6,12,0,6.91
323,Angoche,MZ,2021-01-29 01:08:58,-16.2325,39.9086,78.01,86,100,6.38
324,Vanavara,RU,2021-01-29 01:08:58,60.34,102.2797,-43.02,79,24,4.0
325,Bengkulu,ID,2021-01-29 01:08:59,-3.8004,102.2655,76.06,86,99,9.57
326,Linxia,CN,2021-01-29 01:08:59,35.6003,103.2064,22.87,82,100,1.1
327,Sitka,US,2021-01-29 01:06:04,57.0531,-135.33,28.31,90,100,5.61
328,Aquiraz,BR,2021-01-29 01:08:59,-3.9014,-38.3911,82.4,74,40,12.66
329,Hit,IQ,2021-01-29 01:09:00,33.6416,42.8251,51.73,60,49,2.04
330,Eureka,US,2021-01-29 01:09:00,40.8021,-124.1637,50.0,75,0,1.19
331,Samarai,PG,2021-01-29 01:09:00,-10.6167,150.6667,85.57,67,17,6.17
332,Mahebourg,MU,2021-01-29 01:06:11,-20.4081,57.7,78.84,75,38,9.06
333,Onverwacht,SR,2021-01-29 01:09:01,5.5833,-55.1833,78.8,88,20,4.61
334,Inuvik,CA,2021-01-29 01:09:01,68.3499,-133.7218,-20.2,76,0,5.75
335,Flinders,AU,2021-01-29 01:09:02,-34.5833,150.8552,69.01,92,100,1.99
336,Shingu,JP,2021-01-29 01:09:02,33.7333,135.9833,37.4,52,40,24.16
337,Deloraine,AU,2021-01-29 01:09:02,-41.5333,146.6667,60.35,62,100,7.05
338,Korgen,NO,2021-01-29 01:09:02,66.0771,13.8153,-2.0,84,90,1.14
339,Labuan,MY,2021-01-29 01:09:03,5.2767,115.2417,78.85,83,100,8.66
340,Vostok,RU,2021-01-29 01:09:03,46.4856,135.8833,-5.71,91,100,4.03
341,San Cristobal,VE,2021-01-29 01:09:03,7.7669,-72.225,65.91,86,99,2.8
342,Wanning,CN,2021-01-29 01:09:03,18.8003,110.3967,66.97,75,78,11.65
343,Saint-Joseph,RE,2021-01-29 01:09:04,-21.3667,55.6167,77.56,69,4,4.25
344,Grand Gaube,MU,2021-01-29 01:09:04,-20.0064,57.6608,75.99,83,81,4.0
345,Bosaso,SO,2021-01-29 01:07:39,11.2842,49.1816,70.92,77,2,3.42
346,Tilichiki,RU,2021-01-29 01:09:04,60.4667,166.1,0.27,93,100,9.44
347,Rio Gallegos,AR,2021-01-29 01:06:05,-51.6226,-69.2181,44.6,57,40,23.02
348,Atar,MR,2021-01-29 01:06:53,20.5169,-13.0499,66.69,27,0,9.15
349,Kencong,ID,2021-01-29 01:09:05,-8.2833,113.3667,79.05,82,100,5.66
350,Purpe,RU,2021-01-29 01:09:05,64.4803,76.6897,-26.5,85,100,10.09
351,Marquette,US,2021-01-29 01:05:25,46.5333,-87.6335,6.33,94,35,4.88
352,Gympie,AU,2021-01-29 01:09:06,-26.1898,152.665,80.91,53,73,9.75
353,Motala,SE,2021-01-29 01:09:06,58.5371,15.0365,26.6,86,75,6.91
354,Port Hedland,AU,2021-01-29 01:09:06,-20.3167,118.5667,87.8,70,40,12.66
355,Mocuba,MZ,2021-01-29 01:09:07,-16.8392,36.9856,73.02,97,6,1.68
356,Thayetmyo,MM,2021-01-29 01:07:12,19.3167,95.1833,68.58,52,0,4.12
357,Union,US,2021-01-29 01:08:06,40.6334,-74.2663,24.8,36,1,18.41
358,Hami,CN,2021-01-29 01:09:07,42.8,93.45,19.2,84,0,5.97
359,Boa Vista,BR,2021-01-29 01:09:08,2.8197,-60.6733,80.37,57,47,12.91
360,Skhisma,GR,2021-01-29 01:09:08,35.2667,25.7167,48.0,93,40,9.22
361,Brae,GB,2021-01-29 01:07:17,60.3964,-1.353,30.2,74,79,6.91
362,Asfi,MA,2021-01-29 01:09:08,32.2994,-9.2372,61.66,79,0,3.36
363,Urucara,BR,2021-01-29 01:09:09,-2.5364,-57.76,74.89,95,100,2.28
364,Yomou,GN,2021-01-29 01:09:09,7.5603,-9.2653,70.32,94,49,2.13
365,Mercedes,AR,2021-01-29 01:09:10,-34.6515,-59.4307,73.99,67,100,1.99
366,Dawlatabad,AF,2021-01-29 01:09:10,36.4141,64.9053,40.06,58,59,5.46
367,Moss Point,US,2021-01-29 01:09:10,30.4116,-88.5345,44.01,70,1,9.62
368,Whitehorse,CA,2021-01-29 01:06:53,60.7161,-135.0538,-9.0,77,75,24.16
369,Ayan,RU,2021-01-29 01:09:11,56.45,138.1667,-8.12,78,100,3.91
370,Pisco,PE,2021-01-29 01:06:41,-13.7,-76.2167,71.2,72,69,1.3
371,Iqaluit,CA,2021-01-29 01:07:03,63.7506,-68.5145,-11.2,77,1,23.02
372,Bambari,CF,2021-01-29 01:09:11,5.768,20.6757,76.66,54,100,3.71
373,Novoagansk,RU,2021-01-29 01:09:11,61.9449,76.6625,-17.32,88,90,4.25
374,Belmonte,BR,2021-01-29 01:09:12,-15.8631,-38.8828,78.8,73,40,10.36
375,Erzin,TR,2021-01-29 01:09:12,36.9559,36.2,44.01,94,100,3.0
376,Saint-Georges,GD,2021-01-29 01:09:12,12.0564,-61.7485,77.0,78,20,4.61
377,Nishihara,JP,2021-01-29 01:09:12,26.1842,127.7558,57.2,58,75,24.16
378,Olafsvik,IS,2021-01-29 01:07:17,64.8945,-23.7142,30.27,87,91,2.44
379,Cabedelo,BR,2021-01-29 01:09:13,-6.9811,-34.8339,80.6,78,20,8.05
380,Aksu,CN,2021-01-29 01:08:49,41.1231,80.2644,16.79,84,0,3.6
381,Biltine,TD,2021-01-29 01:07:14,14.5333,20.9167,69.51,17,11,15.3
382,Kalas,IN,2021-01-29 01:09:14,18.1667,74.8,65.84,47,100,7.47
383,Asau,RO,2021-01-29 01:08:16,46.4333,26.4,33.8,60,75,11.5
384,Severo-Kurilsk,RU,2021-01-29 01:06:21,50.6789,156.125,28.38,91,90,7.31
385,Bani,DO,2021-01-29 01:09:14,18.2833,-70.3333,72.97,82,38,3.0
386,Naze,JP,2021-01-29 01:07:13,28.3667,129.4833,50.41,74,42,20.6
387,Cherskiy,RU,2021-01-29 01:07:09,68.75,161.3,-28.86,85,1,2.68
388,El Grullo,MX,2021-01-29 01:09:15,19.8,-104.2167,73.49,59,3,6.26
389,Khuzdar,PK,2021-01-29 01:04:19,27.7384,66.6434,43.05,42,0,3.53
390,Nueve De Julio,AR,2021-01-29 01:09:15,-35.4444,-60.8831,73.99,81,100,4.0
391,Kozlovka,RU,2021-01-29 01:09:16,55.8428,48.2492,17.6,86,0,11.18
392,San Fernando,PH,2021-01-29 01:09:16,15.0286,120.6898,75.2,73,75,4.61
393,Acajutla,SV,2021-01-29 01:06:13,13.5928,-89.8275,81.97,58,100,4.36
394,Goba,ET,2021-01-29 01:09:17,7.0167,39.9833,47.21,53,96,3.42
395,Laukaa,RU,2021-01-29 01:09:17,58.7372,29.8453,27.18,98,100,4.9
396,Bijie,CN,2021-01-29 01:09:17,27.3125,105.2942,36.9,83,100,3.53
397,Port Macquarie,AU,2021-01-29 01:05:38,-31.4333,152.9167,75.99,88,90,6.71
398,Trincomalee,LK,2021-01-29 01:09:18,8.5711,81.2335,78.66,83,100,10.76
399,Omsukchan,RU,2021-01-29 01:09:18,62.5333,155.8,-29.78,79,100,4.56
400,Kavaratti,IN,2021-01-29 01:05:53,10.5669,72.642,80.11,68,1,6.76
401,Muroto,JP,2021-01-29 01:05:19,33.2833,134.15,40.53,67,0,18.63
402,Belaya Gora,RU,2021-01-29 01:09:19,68.5333,146.4167,-20.61,87,100,3.42
403,Idenao,CM,2021-01-29 01:05:09,4.2475,9.0047,80.6,83,20,6.91
404,Laguna,US,2021-01-29 01:07:46,38.421,-121.4238,50.0,87,90,5.75
405,Saldanha,ZA,2021-01-29 01:07:02,-33.0117,17.9442,62.02,87,0,11.52
406,Muncar,ID,2021-01-29 01:09:20,-8.4333,114.3333,81.18,74,82,3.06
407,Urumqi,CN,2021-01-29 01:09:20,43.801,87.6005,8.51,89,100,0.76
408,Korla,CN,2021-01-29 01:08:45,41.7597,86.1469,20.12,82,0,3.24
409,Ipora,BR,2021-01-29 01:09:21,-16.4419,-51.1178,71.62,84,94,2.04
410,Chegdomyn,RU,2021-01-29 01:09:21,51.1167,133.0167,-20.06,84,6,1.19
411,Jyvaskyla,FI,2021-01-29 01:09:21,62.2415,25.7209,16.3,97,100,5.97
412,Gibraleon,ES,2021-01-29 01:09:22,37.3763,-6.969,57.24,85,100,2.42
413,Djougou,BJ,2021-01-29 01:09:22,9.7085,1.666,77.0,23,0,4.61
414,Fayetteville,US,2021-01-29 01:05:46,35.0527,-78.8784,36.0,48,1,6.91
415,Opuwo,NA,2021-01-29 01:09:22,-18.0607,13.84,69.48,77,88,5.21
416,Gimli,CA,2021-01-29 01:09:23,50.6336,-96.9907,1.4,78,79,8.05
417,Narsaq,GL,2021-01-29 01:06:54,60.9167,-46.05,44.6,31,75,39.12
418,Dakar,SN,2021-01-29 01:08:38,14.6937,-17.4441,68.0,68,0,10.36
419,Beberibe,BR,2021-01-29 01:09:23,-4.1797,-38.1306,82.4,74,40,12.66
420,Olinda,BR,2021-01-29 01:09:24,-8.0089,-34.8553,78.8,73,40,5.75
421,Boca Do Acre,BR,2021-01-29 01:09:24,-8.7522,-67.3978,73.4,97,100,3.24
422,Nibbar,TN,2021-01-29 01:09:24,36.2941,8.7666,51.8,87,20,4.61
423,Guerrero Negro,MX,2021-01-29 01:09:24,27.9769,-114.0611,62.71,53,0,10.16
424,Floro,NO,2021-01-29 01:09:25,61.5996,5.0328,32.0,69,90,14.97
425,Okhotsk,RU,2021-01-29 01:09:25,59.3833,143.3,-10.59,80,0,4.9
426,Blythe,US,2021-01-29 01:09:25,33.6103,-114.5964,64.99,41,1,4.61
427,Kovur,IN,2021-01-29 01:09:26,14.4833,79.9833,71.22,83,6,5.14
428,Mehamn,NO,2021-01-29 01:09:26,71.0357,27.8492,22.14,92,100,22.06
429,Ati,TD,2021-01-29 01:07:24,13.2154,18.3353,70.14,18,5,13.58
430,Brigantine,US,2021-01-29 01:09:26,39.4101,-74.3646,28.99,34,1,19.57
431,Kenai,US,2021-01-29 01:09:27,60.5544,-151.2583,24.8,80,90,20.71
432,Leningradskiy,RU,2021-01-29 01:09:27,69.3833,178.4167,-20.96,85,95,5.46
433,Sarangani,PH,2021-01-29 01:09:27,5.4033,125.4636,81.25,73,100,2.53
434,Okakarara,NA,2021-01-29 01:09:27,-20.5833,17.4333,71.15,53,100,4.05
435,Hong Gai,VN,2021-01-29 01:09:28,20.956,107.0946,62.94,62,47,4.74
436,Tongliao,CN,2021-01-29 01:09:28,43.6125,122.2653,-11.29,82,0,5.7
437,Talalayivka,UA,2021-01-29 01:09:28,50.9578,31.9209,28.94,99,100,10.89
438,Klaksvik,FO,2021-01-29 01:07:23,62.2266,-6.589,32.0,64,20,12.66
439,Svetlaya,RU,2021-01-29 01:09:29,46.5389,138.3297,11.21,94,100,26.87
440,Ajra,IN,2021-01-29 01:09:29,16.1167,74.2,57.2,72,20,3.29
441,Khani,GE,2021-01-29 01:09:30,41.9563,42.9566,42.8,93,90,3.44
442,Rocha,UY,2021-01-29 01:09:30,-34.4833,-54.3333,70.32,53,50,13.49
443,Acarau,BR,2021-01-29 01:06:57,-2.8856,-40.12,80.49,76,100,12.68
444,Diebougou,BF,2021-01-29 01:09:30,10.9667,-3.25,72.54,18,0,3.65
445,Talcahuano,CL,2021-01-29 01:05:15,-36.7167,-73.1167,59.0,100,90,5.75
446,Puerto Quijarro,BO,2021-01-29 01:09:31,-17.7833,-57.7667,75.16,93,100,0.25
447,Teya,RU,2021-01-29 01:09:31,60.3778,92.6267,-26.95,80,100,3.98
448,Sao Mateus Do Maranhao,BR,2021-01-29 01:09:32,-4.0417,-44.475,74.7,94,100,0.78
449,Esmeralda,CU,2021-01-29 01:09:32,21.8525,-78.1169,73.4,78,20,6.91
450,Barra Do Garcas,BR,2021-01-29 01:09:32,-15.89,-52.2567,74.53,82,20,0.31
451,Manokwari,ID,2021-01-29 01:09:33,-0.8667,134.0833,82.13,70,100,12.24
452,Kieta,PG,2021-01-29 01:09:33,-6.2167,155.6333,85.86,71,100,13.11
453,Haines Junction,CA,2021-01-29 01:09:33,60.7522,-137.5108,-3.48,87,100,2.46
454,Ternate,ID,2021-01-29 01:09:33,0.8,127.4,80.91,78,17,8.68
455,Dunedin,NZ,2021-01-29 01:09:34,-45.8742,170.5036,51.37,67,100,16.84
456,Aklavik,CA,2021-01-29 01:09:01,68.2191,-135.0107,-30.23,85,16,6.2
457,Lompoc,US,2021-01-29 01:07:32,34.6391,-120.4579,51.76,89,100,10.51
458,Kloulklubed,PW,2021-01-29 01:09:00,7.0419,134.2556,78.8,89,90,6.91
459,Itoman,JP,2021-01-29 01:08:04,26.1247,127.6694,57.2,58,75,24.16
460,Rawlins,US,2021-01-29 01:09:35,41.7911,-107.2387,31.15,88,100,22.53
461,Raichur,IN,2021-01-29 01:09:35,16.2,77.3667,64.17,92,100,7.58
462,Iwanai,JP,2021-01-29 01:09:36,42.9744,140.5089,32.61,94,100,9.15
463,Mujiayingzi,CN,2021-01-29 01:09:36,42.1167,118.7833,1.13,85,0,5.39
464,Auras,IN,2021-01-29 01:09:36,26.9167,80.5167,48.2,87,90,4.54
465,Mana,GF,2021-01-29 01:09:36,5.6592,-53.7767,76.26,83,80,8.75
466,Luena,AO,2021-01-29 01:09:37,-11.7833,19.9167,61.93,98,100,6.11
467,Oranjestad,AW,2021-01-29 01:09:37,12.524,-70.027,78.8,73,20,9.22
468,Todos Santos,MX,2021-01-29 01:09:37,23.45,-110.2167,69.01,81,0,3.0
469,Ornskoldsvik,SE,2021-01-29 01:09:37,63.2909,18.7153,12.2,92,90,3.44
470,Barcelona,ES,2021-01-29 01:09:38,41.3888,2.159,57.0,93,0,4.61
471,Kathmandu,NP,2021-01-29 01:09:38,27.7167,85.3167,39.2,93,20,3.44
472,Sharjah,AE,2021-01-29 01:09:35,25.3573,55.4033,62.6,58,0,3.44
473,Neryungri,RU,2021-01-29 01:09:38,56.6709,124.6491,-37.3,78,100,3.0
474,Edd,ER,2021-01-29 01:09:39,13.9297,41.6925,75.94,31,6,16.26
475,Atambua,ID,2021-01-29 01:09:39,-9.1061,124.8925,76.84,88,100,11.81
476,Kabalo,CD,2021-01-29 01:07:23,-6.05,26.9167,65.68,95,92,2.04
477,Milkovo,RU,2021-01-29 01:09:40,54.7167,158.6167,4.33,91,11,0.2
478,Matagami,CA,2021-01-29 01:09:40,49.7502,-77.6328,-2.2,84,90,12.66
479,Bandarawela,LK,2021-01-29 01:09:41,6.8305,80.9888,61.57,100,100,2.15
480,Nichinan,JP,2021-01-29 01:04:53,31.6,131.3667,41.0,45,20,23.02
481,Ucluelet,CA,2021-01-29 01:07:06,48.9329,-125.5528,45.0,70,75,3.44
482,Cedar City,US,2021-01-29 01:09:41,37.6775,-113.0619,39.2,56,1,6.91
483,Laurel,US,2021-01-29 01:07:35,39.0993,-76.8483,25.48,79,0,15.93
484,Burnie,AU,2021-01-29 01:09:42,-41.0667,145.9167,60.01,77,100,13.0
485,Chicama,PE,2021-01-29 01:07:39,-7.8447,-79.1469,72.28,70,100,5.61
486,La Libertad,EC,2021-01-29 01:09:43,-2.2333,-80.9,78.62,76,0,5.86
487,Anadyr,RU,2021-01-29 01:09:43,64.75,177.4833,-2.04,86,100,14.45
488,Altamirano,MX,2021-01-29 01:09:43,16.8833,-92.15,55.42,100,100,3.04
489,Tammisaari,FI,2021-01-29 01:09:43,59.9736,23.4339,21.99,94,100,1.99
490,Xining,CN,2021-01-29 01:09:44,36.6167,101.7667,14.09,68,100,2.91
491,Ryotsu,JP,2021-01-29 01:09:44,38.0833,138.4333,34.18,84,100,34.02
492,Fort Saint James,CA,2021-01-29 01:09:44,54.4333,-124.25,-3.14,89,21,1.32
493,Bathsheba,BB,2021-01-29 01:09:44,13.2167,-59.5167,77.0,69,20,13.8
494,Lorengau,PG,2021-01-29 01:09:45,-2.0226,147.2712,84.34,72,100,8.84
495,Sorong,ID,2021-01-29 01:09:45,-0.8833,131.25,80.87,82,100,11.63
496,Hovd,MN,2021-01-29 01:07:20,48.0056,91.6419,4.03,82,0,1.48
497,Touros,BR,2021-01-29 01:09:45,-5.1989,-35.4608,78.8,78,40,8.05
498,Xiongzhou,CN,2021-01-29 01:09:46,25.1167,114.3,50.76,47,0,2.98
499,Gisborne,NZ,2021-01-29 01:09:46,-38.6533,178.0042,61.27,69,82,17.13
500,Bonavista,CA,2021-01-29 01:09:46,48.6499,-53.1147,24.42,94,100,16.17
501,Byron Bay,AU,2021-01-29 01:06:59,-28.65,153.6167,80.6,65,40,10.36
502,Juba,SS,2021-01-29 01:09:47,4.8517,31.5825,77.34,38,79,0.83
503,Evensk,RU,2021-01-29 01:09:47,61.95,159.2333,-2.85,86,100,10.83
504,Borba,BR,2021-01-29 01:09:47,-4.3878,-59.5939,74.64,97,100,2.19
505,Naryan-Mar,RU,2021-01-29 01:09:48,67.6713,53.087,-32.4,82,6,9.01
506,Comodoro Rivadavia,AR,2021-01-29 01:09:48,-45.8667,-67.5,68.0,34,40,10.36
507,Kalach-Na-Donu,RU,2021-01-29 01:09:48,48.691,43.5264,30.2,100,90,6.71
508,Tomatlan,MX,2021-01-29 01:09:49,19.9333,-105.25,74.71,66,90,2.57
509,Seoul,KR,2021-01-29 01:06:28,37.5683,126.9778,15.8,37,0,10.36
510,Mackay,AU,2021-01-29 01:09:49,-21.15,149.2,79.0,83,75,10.36
511,Pangnirtung,CA,2021-01-29 01:07:12,66.1451,-65.7125,3.69,72,0,3.09
512,Aswan,EG,2021-01-29 01:09:50,24.0934,32.907,51.46,48,9,6.85
513,Pacific Grove,US,2021-01-29 01:06:08,36.6177,-121.9166,53.6,82,90,8.03
514,Sokolo,ML,2021-01-29 01:09:50,14.7328,-6.1219,65.73,20,0,8.52
515,Thyolo,MW,2021-01-29 01:09:51,-16.0678,35.1405,66.07,100,69,1.68
516,Azare,NG,2021-01-29 01:08:10,11.6765,10.1948,65.86,22,0,8.88
517,Turukhansk,RU,2021-01-29 01:07:38,65.8167,87.9833,-32.78,78,84,10.36
518,Barao De Melgaco,BR,2021-01-29 01:09:51,-16.1944,-55.9675,75.2,88,40,2.3
519,Andenes,NO,2021-01-29 01:09:51,69.3143,16.1194,21.99,68,49,14.97
520,Andros Town,BS,2021-01-29 01:09:52,24.7,-77.7667,68.0,60,75,19.57
521,Minna,NG,2021-01-29 01:09:52,9.6139,6.5569,76.93,16,0,10.2
522,Rovaniemi,FI,2021-01-29 01:09:52,66.5,25.7167,15.8,86,90,9.22
523,Davila,PH,2021-01-29 01:09:52,18.4726,120.5763,73.4,73,75,4.61
524,Sibu,MY,2021-01-29 01:09:53,2.3,111.8167,75.2,100,40,3.44
525,Bafra,TR,2021-01-29 01:09:53,41.5678,35.9069,39.2,93,75,2.3
526,Mersin,TR,2021-01-29 01:09:30,36.862,34.6509,46.4,81,75,5.75
527,Owensboro,US,2021-01-29 01:09:53,37.7742,-87.1133,26.6,74,1,3.44
528,Isangel,VU,2021-01-29 01:07:17,-19.55,169.2667,87.8,74,90,11.5
529,Tsalka,GE,2021-01-29 01:09:54,41.5946,44.0891,28.85,90,83,5.14
530,Manaus,BR,2021-01-29 01:05:51,-3.1019,-60.025,76.66,90,100,3.78
531,Karatau,KZ,2021-01-29 01:09:55,43.1667,70.4667,14.05,90,0,3.58
532,Kalabo,ZM,2021-01-29 01:09:55,-14.97,22.6814,63.59,96,16,6.51
533,Petropavlovsk-Kamchatskiy,RU,2021-01-29 01:09:55,53.0452,158.6483,21.6,92,41,10.83
534,Yangambi,CD,2021-01-29 01:09:56,0.8102,24.4336,69.98,97,99,2.08
535,Kodra,UA,2021-01-29 01:09:56,50.5949,29.5587,27.0,86,90,11.18
536,Nchelenge,ZM,2021-01-29 01:09:56,-9.3451,28.734,70.43,81,100,3.22
537,Havelock,US,2021-01-29 01:07:14,34.8791,-76.9013,36.0,64,1,10.36
538,Tsumeb,NA,2021-01-29 01:09:57,-19.2333,17.7167,64.4,94,100,1.14
539,Mpanda,TZ,2021-01-29 01:09:57,-6.3655,31.0409,63.68,93,100,1.74
540,Coihaique,CL,2021-01-29 01:09:57,-45.5752,-72.0662,44.35,82,96,6.6
541,Katubao,PH,2021-01-29 01:09:57,5.8892,124.8294,80.6,74,75,11.5
